member_id,first_name,last_name,email,membership_type,join_date,region
1,Jonathan,Guerra,rmyers@hill-berry.com,Student,2023-04-02,North London
2,Lucas,Simon,ryan25@yahoo.com,Premium,2022-12-08,North London
3,Pamela,Palmer,tiffanywong@yahoo.com,Student,2022-09-07,East London
4,Debra,Lewis,nflowers@hubbard.com,Standard,2023-06-03,North London
5,Matthew,Freeman,nmitchell@stokes.biz,Premium,2023-02-08,North London
6,Danielle,Armstrong,mccormickjennifer@gmail.com,Student,2022-10-20,North London
7,James,Thompson,lweiss@yahoo.com,Standard,2022-07-25,North London
8,Amber,Griffith,suzanne33@thompson.com,Premium,2024-08-10,South London
9,Wanda,Baker,umurray@atkinson.biz,Standard,2024-12-12,East London
10,Lauren,Elliott,sharimorton@hotmail.com,Premium,2024-12-02,North London
11,Brian,Washington,morenojoseph@gmail.com,Standard,2023-07-23,East London
12,Brandon,Rios,melissasalas@hotmail.com,Premium,2024-02-28,North London
13,Elizabeth,Calhoun,bsteele@foster.com,Student,2022-07-11,West London
14,Brian,Reed,gabriellefreeman@gonzalez-hall.org,Student,2024-01-30,West London
15,David,Marshall,graystephen@hotmail.com,Standard,2023-09-22,East London
16,Kelly,Higgins,erik47@hotmail.com,Premium,2023-12-22,West London
17,Erica,Ortiz,johnnycole@gmail.com,Student,2022-06-20,East London
18,Colleen,Melton,lwilliams@morgan.com,Student,2022-08-06,West London
19,Beth,Stevens,dmiller@sims-contreras.biz,Student,2022-06-06,West London
20,Melissa,Jackson,fosterjoel@hotmail.com,Student,2024-04-01,North London
21,Randy,Jones,kfuller@yahoo.com,Standard,2022-10-19,West London
22,Todd,Jimenez,iromero@yahoo.com,Premium,2024-05-24,West London
23,Angela,Wolfe,julie30@gmail.com,Student,2022-12-18,South London
24,Joseph,Johnson,baileyrich@sanford.com,Standard,2024-03-19,East London
25,Alicia,Meyer,heather17@hotmail.com,Student,2024-06-14,West London
26,Kenneth,Chavez,rflowers@martinez-strickland.info,Standard,2024-04-13,West London
27,Julian,Anderson,ijackson@gmail.com,Premium,2023-03-23,East London
28,Scott,Gregory,bauertravis@yahoo.com,Premium,2025-04-22,North London
29,Ian,Cooper,earnold@hotmail.com,Student,2024-01-26,East London
30,David,Snyder,zachary65@mendoza-erickson.info,Student,2024-06-24,West London
31,Arthur,Maddox,davisamy@lane.biz,Standard,2025-03-08,East London
32,Christopher,Lee,davidparker@norton.org,Student,2024-06-21,South London
33,Debra,Moss,christopherdiaz@hotmail.com,Standard,2024-10-19,South London
34,Lori,Acosta,iwarner@yahoo.com,Standard,2025-04-04,West London
35,Sandra,Singleton,bowersmichael@gmail.com,Premium,2023-04-30,North London
36,Kayla,Shelton,brandon99@lopez.com,Premium,2023-11-23,North London
37,Julie,Hicks,hlucas@hotmail.com,Standard,2024-06-11,West London
38,Jeremy,Murray,medinagreg@hotmail.com,Premium,2024-03-01,North London
39,Michael,Rodriguez,adammiller@kerr.info,Standard,2023-08-23,North London
40,Timothy,Rosales,kevinsmith@gmail.com,Standard,2024-01-06,East London
41,Ashley,Morton,joshua14@johnson.org,Premium,2023-07-22,South London
42,William,Brown,swilliams@ortiz.com,Premium,2022-12-25,North London
43,Kevin,Underwood,tomstevens@williams.com,Premium,2023-01-21,North London
44,Jeffrey,Davis,howard04@myers.biz,Premium,2023-11-10,North London
45,Julie,Morgan,mitchellzachary@wiley-holt.org,Premium,2022-10-05,South London
46,Samuel,Mason,cynthiakeller@evans-fox.com,Standard,2025-04-23,East London
47,Bryan,Cox,ureilly@yahoo.com,Standard,2025-02-20,East London
48,Pamela,Pugh,ryan44@yahoo.com,Student,2025-02-27,East London
49,Maurice,Scott,wilsondaniel@walter.info,Premium,2024-08-28,South London
50,Stacy,Harris,owalton@hotmail.com,Premium,2022-08-18,West London
51,Kevin,Barnett,ddavid@gmail.com,Premium,2022-09-14,West London
52,Julie,Rodriguez,lhughes@hotmail.com,Standard,2023-11-22,North London
53,Suzanne,Stanton,paul88@gmail.com,Standard,2024-12-03,North London
54,Michael,Lee,christopher14@johnson.biz,Student,2022-05-01,South London
55,Amy,Rogers,carolineroberts@hotmail.com,Premium,2023-09-14,North London
56,Angela,Lucas,justinjones@gmail.com,Standard,2022-05-29,West London
57,Diane,Richard,bryantmiguel@serrano.com,Standard,2023-02-15,West London
58,Alexis,Vincent,oliverbrandon@french-ortiz.com,Standard,2025-04-23,North London
59,Alexis,Rocha,xlewis@gmail.com,Standard,2023-10-16,West London
60,Bruce,Castro,samantha16@lara.biz,Student,2024-07-05,South London
61,Daniel,Thompson,erikaclark@lam-allen.com,Premium,2025-01-28,North London
62,Dana,King,brendastanton@foster.com,Premium,2022-07-06,North London
63,Andrew,Shaw,powelljacqueline@gmail.com,Student,2023-07-01,South London
64,Lisa,Clark,david21@yahoo.com,Standard,2023-08-13,West London
65,Gerald,Freeman,blevinschristine@garcia-novak.com,Premium,2023-09-22,West London
66,Stephen,Barton,victoria13@gmail.com,Student,2023-08-14,North London
67,Lisa,Wright,wanderson@hotmail.com,Student,2022-06-30,East London
68,Joseph,Nguyen,xhart@snyder.com,Standard,2022-08-11,East London
69,Melissa,Little,staceybarnes@hotmail.com,Premium,2024-09-17,East London
70,Jonathan,Glenn,danielle84@hotmail.com,Premium,2025-03-03,West London
71,Brent,Hicks,megan58@smith-mckee.info,Standard,2024-03-08,West London
72,Timothy,Pittman,garyadams@gmail.com,Premium,2022-09-04,South London
73,Andrea,Johnson,robinsoto@yahoo.com,Student,2023-02-09,North London
74,Raymond,Bird,washingtonrobert@gmail.com,Standard,2023-05-08,West London
75,Lisa,Walker,tbeck@welch.com,Standard,2023-10-23,South London
76,Melissa,Sanders,carrollheather@yahoo.com,Standard,2024-12-07,East London
77,Rachel,Cunningham,hhayden@ball.com,Premium,2022-11-11,North London
78,Glenn,Odonnell,mitchelljordan@yahoo.com,Premium,2023-08-05,East London
79,Jesse,Bailey,greenjonathan@yahoo.com,Student,2023-03-04,East London
80,Jade,Adams,beckerjoyce@estes.com,Standard,2023-09-06,South London
81,Bruce,Rodriguez,brucehatfield@yahoo.com,Student,2025-03-03,East London
82,Benjamin,Singleton,karenlittle@fritz-sosa.com,Premium,2023-07-18,North London
83,Sean,Wolfe,sharon65@yahoo.com,Student,2023-08-02,South London
84,Peter,Mitchell,hernandezwhitney@waller.com,Student,2024-02-07,North London
85,Steven,Rodriguez,gmorales@yahoo.com,Student,2022-08-12,South London
86,Thomas,Mccall,philipalvarado@hotmail.com,Student,2024-04-29,West London
87,Nancy,Knight,hhanson@thomas.biz,Standard,2022-06-30,East London
88,James,Vang,katiethompson@gross.com,Premium,2022-06-15,West London
89,Christina,Gates,hsmith@yahoo.com,Standard,2024-11-14,West London
90,Christopher,Browning,kimberly37@reed-buckley.com,Premium,2024-09-07,South London
91,Robert,Douglas,dawsonjeffrey@gmail.com,Standard,2023-08-11,West London
92,Sandra,Hoffman,patrickporter@yahoo.com,Premium,2022-04-29,North London
93,Micheal,Moore,gonzaleshannah@little.com,Premium,2022-05-06,North London
94,Kimberly,Doyle,cruzann@gmail.com,Student,2024-02-17,South London
95,Riley,Miller,bkrause@estrada-rodriguez.com,Premium,2025-02-03,South London
96,Kevin,Perez,jreynolds@yahoo.com,Standard,2022-12-08,North London
97,Charlene,Lam,luis76@yahoo.com,Premium,2022-12-12,South London
98,Brenda,Simpson,michaelhawkins@yahoo.com,Student,2022-06-13,West London
99,Darlene,Tanner,rebecca71@yahoo.com,Premium,2023-12-12,East London
100,Kyle,Moody,jenniferray@ware-mccormick.com,Premium,2023-06-26,East London
101,Matthew,Clarke,barnesnorma@flores.com,Student,2024-02-20,South London
102,Christina,Thomas,norrisjonathan@gmail.com,Standard,2024-01-26,West London
103,Tammy,Mcpherson,williamwalker@gmail.com,Student,2025-01-07,South London
104,Michael,Harris,nathan64@hotmail.com,Standard,2025-01-13,North London
105,Jennifer,Smith,hbrown@morales.com,Standard,2023-11-16,North London
106,Kathy,Hall,clarkjulie@yahoo.com,Premium,2024-12-11,West London
107,Lauren,Williams,karen63@thompson.com,Premium,2023-08-30,East London
108,Michael,Sullivan,lindseysalas@franklin.com,Student,2025-01-29,South London
109,Nicholas,Payne,fostermichael@yahoo.com,Premium,2024-06-07,West London
110,Jennifer,Cannon,scottlee@townsend.com,Premium,2023-11-20,East London
111,Nicholas,Boyd,matthew07@lopez.com,Premium,2023-12-23,South London
112,Heather,Hart,brendawilliams@booth.com,Student,2023-09-28,West London
113,Michele,Fuller,william94@yahoo.com,Student,2024-06-27,West London
114,Natalie,Anderson,michael18@donovan-mcfarland.com,Standard,2023-09-16,West London
115,Maurice,Howe,nathanielsavage@hotmail.com,Student,2022-06-11,South London
116,Robert,Barrett,tmckay@adams.biz,Standard,2023-03-27,West London
117,Margaret,Fisher,lawrence88@montgomery.com,Standard,2023-06-25,East London
118,Marie,Li,xclark@zavala.com,Standard,2025-04-15,East London
119,Anthony,Morgan,kara75@hotmail.com,Student,2023-04-26,East London
120,Johnny,Taylor,randolphjudith@gmail.com,Premium,2023-10-11,North London
121,Alexander,Price,johnmorris@mason-dougherty.biz,Student,2024-11-03,North London
122,Tammy,Daniels,brandi28@hotmail.com,Standard,2024-08-01,West London
123,Sarah,Patton,lozanoelizabeth@yahoo.com,Standard,2024-07-04,East London
124,Eugene,Terrell,yortiz@page.com,Standard,2022-09-28,East London
125,Tiffany,Young,gallagherdavid@king.com,Premium,2023-03-29,South London
126,David,Gonzalez,collinsanita@hotmail.com,Standard,2023-10-24,South London
127,Jason,Gonzalez,joshuaward@thompson-powell.com,Premium,2025-02-10,West London
128,Tara,Ibarra,patriciaanderson@waters.com,Standard,2025-01-15,West London
129,Thomas,Anderson,stephaniecooper@yahoo.com,Student,2023-08-10,South London
130,James,Yates,alexandria62@wilson.com,Standard,2023-12-15,South London
131,Danny,Alvarez,jelliott@kennedy.biz,Student,2024-05-14,West London
132,Alexander,White,welchtammy@hotmail.com,Student,2023-12-11,North London
133,Tammy,Chavez,douglaspeterson@newman.com,Student,2022-06-08,East London
134,Gerald,Wells,awatson@thompson.com,Premium,2024-12-03,South London
135,Richard,Lewis,gillamber@valdez-smith.com,Student,2022-12-02,North London
136,Caitlin,Gonzalez,steven48@jones.biz,Premium,2023-01-25,West London
137,Sandra,Cook,gavinkennedy@hotmail.com,Student,2024-01-02,West London
138,Jessica,Hunter,edwardseric@yahoo.com,Standard,2024-05-30,South London
139,Derek,Mitchell,gwalker@yahoo.com,Premium,2024-11-22,West London
140,Emma,Scott,jbutler@hotmail.com,Standard,2023-04-28,South London
141,Douglas,Summers,stephanie86@jones.info,Standard,2024-08-20,East London
142,Andrew,Salinas,perezsteven@hotmail.com,Student,2024-03-24,North London
143,John,King,lisawilliams@hotmail.com,Student,2023-01-07,West London
144,Shelley,Brock,robbinsstephanie@hotmail.com,Standard,2022-08-03,East London
145,Kristina,Snyder,coleronald@hotmail.com,Premium,2022-11-30,North London
146,Jonathan,Cox,fbowen@yahoo.com,Student,2023-12-21,North London
147,Jeffrey,Thompson,shawnpace@hotmail.com,Student,2023-05-25,North London
148,Anthony,Fry,jessica39@dunn-payne.com,Student,2023-11-26,West London
149,Jennifer,Campbell,martinbrenda@bennett-alvarez.com,Standard,2023-11-01,North London
150,Christian,Hayes,brownrobert@simpson-sanchez.com,Premium,2022-10-14,North London
151,Gregory,Brown,bakerandrea@ross-sharp.com,Premium,2024-11-08,North London
152,Brittany,Diaz,garciatracey@gonzalez.com,Premium,2024-04-07,West London
153,Richard,Rodriguez,brownmichelle@gmail.com,Premium,2022-09-21,North London
154,Jason,Cook,davidwells@yahoo.com,Premium,2022-07-16,North London
155,Melody,Montoya,jdixon@perez.info,Student,2024-12-29,East London
156,Kristen,Padilla,jermainenguyen@gmail.com,Student,2023-02-20,West London
157,Brandon,Holder,paullee@hotmail.com,Premium,2023-07-02,North London
158,Donald,Fox,qmoore@gmail.com,Premium,2025-04-15,West London
159,Jeffrey,Romero,laurawhite@stevens-mullen.com,Student,2025-04-09,South London
160,Tyler,Gordon,parkervirginia@thompson.info,Standard,2024-06-28,North London
161,Patricia,Stephens,sean77@rodgers.com,Standard,2025-03-09,South London
162,Nancy,Aguilar,josephhernandez@hotmail.com,Standard,2022-04-26,North London
163,Jacqueline,Anderson,wilsonpaul@yahoo.com,Standard,2023-11-20,East London
164,Mark,Payne,eryan@wise-davis.com,Standard,2025-01-27,South London
165,Rebekah,Morris,james40@harris-farmer.com,Premium,2023-09-01,North London
166,Miguel,Sullivan,carlos09@gmail.com,Premium,2023-02-08,West London
167,Wesley,Evans,valenciakyle@gmail.com,Premium,2023-09-09,East London
168,Daniel,Rubio,strongjason@gonzalez.com,Standard,2022-04-28,South London
169,Dustin,Richardson,shawn83@yahoo.com,Standard,2022-12-03,North London
170,Christina,Mora,yferguson@wilson-lewis.biz,Standard,2023-01-10,West London
171,Brenda,Rocha,jamesreed@thomas.com,Premium,2022-07-26,West London
172,Jessica,Lopez,ramirezjoshua@macdonald.com,Premium,2024-10-01,South London
173,Ruth,Hunt,laura63@hotmail.com,Standard,2022-11-19,South London
174,James,Baird,taylor37@castillo.com,Student,2023-07-12,East London
175,Gregory,Dillon,kristenperry@gmail.com,Student,2024-07-02,East London
176,George,Gonzalez,jessica37@gmail.com,Student,2025-03-20,South London
177,Cindy,Ramos,marissa24@hale.info,Student,2023-08-28,North London
178,Maurice,Taylor,douglaswatson@edwards-fitzgerald.com,Premium,2024-01-01,East London
179,Hannah,Howard,olivia04@smith-mcdonald.org,Premium,2024-10-21,South London
180,Stephen,Brown,michael95@gmail.com,Premium,2024-03-18,North London
181,Peter,Cole,nicholaskim@gmail.com,Premium,2025-03-07,North London
182,Mary,Barnes,jennahowell@hotmail.com,Standard,2024-04-18,North London
183,Justin,Dixon,chapmankaren@gmail.com,Student,2023-04-24,North London
184,Kenneth,Mcdonald,jimeneztimothy@hotmail.com,Premium,2023-05-19,South London
185,Ashley,George,luke37@yahoo.com,Standard,2024-11-05,East London
186,Brian,Logan,allisonlong@allison.info,Standard,2024-08-14,East London
187,Tyler,Pugh,sandramartin@hotmail.com,Standard,2024-06-26,West London
188,Samantha,Brown,christopher40@mullen-ballard.com,Student,2023-11-01,South London
189,Jason,Allen,fbrown@gardner-mack.com,Standard,2023-12-04,East London
190,Nicole,Jones,zhayes@mckee-brooks.biz,Student,2025-02-28,West London
191,Michelle,Elliott,lisaperez@gmail.com,Premium,2024-11-11,West London
192,Paul,Wallace,hardinaustin@hill.biz,Premium,2022-05-19,West London
193,Theresa,Hinton,gpark@hotmail.com,Standard,2022-12-31,East London
194,James,Cooper,dlee@davis-miles.net,Standard,2023-01-04,East London
195,Wesley,Vaughn,stephanie64@yahoo.com,Standard,2022-08-08,East London
196,Kristen,Robles,oliverdebbie@kramer-wright.com,Standard,2024-11-23,North London
197,Carolyn,Greer,monique19@yahoo.com,Premium,2022-08-01,East London
198,Janice,Carter,whale@leach.com,Standard,2023-08-25,North London
199,Jessica,Flores,justin29@hotmail.com,Premium,2025-01-14,East London
200,Stephanie,Fitzgerald,ynewman@hotmail.com,Premium,2024-09-09,East London
